{
  "CM": [
    [
      17777.777777777777,
      0.0,
      2560.0
    ],
    [
      0.0,
      17777.777777777777,
      2048.0
    ],
    [
      0.0,
      0.0,
      1.0
    ]
  ],
  "E": [
    [
      0.0029175285050007525,
      -0.11352399254938368,
      -0.025444441839356704
    ],
    [
      -0.06664622722185178,
      -0.00693348994444932,
      0.28108159129325505
    ],
    [
      -0.007655811940163218,
      -0.2666670632553061,
      0.001597658277070671
    ]
  ],
  "F": [
    [
      5.4842864526586826e-09,
      -2.1339914702569442e-07,
      -0.0004273046740579611
    ],
    [
      -1.2527966751554317e-07,
      -1.3033375648879494e-08,
      0.009740637068406053
    ],
    [
      -1.3310140132145369e-05,
      -0.00833852763451628,
      1.0
    ]
  ],
  "R": [
    [
      0.7991195266272191,
      0.0,
      0.6011721734770242
    ],
    [
      0.0,
      1.0,
      0.0
    ],
    [
      -0.6011721734770242,
      0.0,
      0.7991195266272191
    ]
  ],
  "T": [
    -0.39076191276006583,
    0.0,
    0.13057230769230763
  ],
  "dist": [
    0.0,
    0.0,
    0.0,
    0.0,
    0.0
  ]
}
